load_workers,candidate,baseline,metric,unit,effect,effect_pct,ci95_low,ci95_high
0,dynamic,packed-cpu-fixed,prefill_tps,token/s,improvement,0.6178852966170822,-2.5100853304028434,4.038832345465773
0,dynamic,packed-cpu-fixed,decode_tps,token/s,improvement,-0.493383679378967,-1.5256794755072245,0.520115979464851
0,dynamic,packed-cpu-fixed,ttft_ms,ms,reduction,0.6688617885145409,-2.645847300247972,3.9722188817264192
0,dynamic,packed-cpu-fixed,tpot_ms,ms/token,reduction,-0.49949893027227965,-1.5515859899795537,0.5225473064689679
0,dynamic,packed-cpu-fixed,e2e_ms,ms,reduction,-0.22161072468520615,-1.6143656181516919,1.1153343187414726
0,dynamic,igpu-fixed,prefill_tps,token/s,improvement,71.41826485139605,61.45312773886535,88.7633712651223
0,dynamic,igpu-fixed,decode_tps,token/s,improvement,77.4327450955583,71.8893819006098,82.11138578575799
0,dynamic,igpu-fixed,ttft_ms,ms,reduction,42.15501945136002,38.11444638117125,47.57638708088207
0,dynamic,igpu-fixed,tpot_ms,ms/token,reduction,43.69276201933896,41.912680705957456,45.09009918026467
0,dynamic,igpu-fixed,e2e_ms,ms,reduction,43.33763970581038,41.22860991368546,45.4900048363537
4,dynamic,packed-cpu-fixed,prefill_tps,token/s,improvement,-0.6951353250369108,-0.8403033159638862,-0.5567588985218412
4,dynamic,packed-cpu-fixed,decode_tps,token/s,improvement,0.9687234639780273,0.2917525844768676,1.6498643597339548
4,dynamic,packed-cpu-fixed,ttft_ms,ms,reduction,-0.7001544191236109,-0.8232242423717584,-0.5755662909697978
4,dynamic,packed-cpu-fixed,tpot_ms,ms/token,reduction,0.9625806363597889,0.29236646460983895,1.611222443622097
4,dynamic,packed-cpu-fixed,e2e_ms,ms,reduction,0.6348728107702484,0.10247226295915235,1.1667043287897807
4,dynamic,igpu-fixed,prefill_tps,token/s,improvement,70.23144922448625,69.47313143363384,71.0007024102574
4,dynamic,igpu-fixed,decode_tps,token/s,improvement,37.36634756088763,36.01406469911193,38.62952931181236
4,dynamic,igpu-fixed,ttft_ms,ms,reduction,41.25774345932079,41.00047286164568,41.51666180332264
4,dynamic,igpu-fixed,tpot_ms,ms/token,reduction,27.208843698044028,26.478124456227203,27.869545153916885
4,dynamic,igpu-fixed,e2e_ms,ms,reduction,30.527363322432656,30.009351062302542,31.003043929451152
8,dynamic,packed-cpu-fixed,prefill_tps,token/s,improvement,-1.5449282819767651,-2.2009137915100063,-0.8756495186024651
8,dynamic,packed-cpu-fixed,decode_tps,token/s,improvement,-6.806914361742599,-12.012572894821961,-1.4879997997764516
8,dynamic,packed-cpu-fixed,ttft_ms,ms,reduction,-1.5741525404343593,-2.2467035648998213,-0.9277184034040431
8,dynamic,packed-cpu-fixed,tpot_ms,ms/token,reduction,-7.789173542653427,-13.645563507127807,-1.8166378103409708
8,dynamic,packed-cpu-fixed,e2e_ms,ms,reduction,-6.542604553407583,-11.25186524480471,-1.695805156969357
8,dynamic,igpu-fixed,prefill_tps,token/s,improvement,65.11247299794634,63.98039692958128,66.23054713164342
8,dynamic,igpu-fixed,decode_tps,token/s,improvement,23.11082858699478,15.986584305469908,30.581910721812267
8,dynamic,igpu-fixed,ttft_ms,ms,reduction,39.43225578422803,39.043071566870616,39.815893803395234
8,dynamic,igpu-fixed,tpot_ms,ms/token,reduction,18.415319311299992,13.814438921471483,23.143656568922776
8,dynamic,igpu-fixed,e2e_ms,ms,reduction,23.491795142778916,20.004098307139174,27.10855031321129
12,dynamic,packed-cpu-fixed,prefill_tps,token/s,improvement,3.2991504793147497,-0.0025851844023277904,7.172808474163617
12,dynamic,packed-cpu-fixed,decode_tps,token/s,improvement,1018.4745613876942,949.2682094258224,1086.0082152473376
12,dynamic,packed-cpu-fixed,ttft_ms,ms,reduction,3.3296686561949174,0.005185168923815278,6.736782461594837
12,dynamic,packed-cpu-fixed,tpot_ms,ms/token,reduction,91.10336282206484,90.47901153594043,91.57896199015238
12,dynamic,packed-cpu-fixed,e2e_ms,ms,reduction,88.86070929909772,88.10963370338327,89.44554879891537
12,dynamic,igpu-fixed,prefill_tps,token/s,improvement,25.040446645029025,23.947543802763537,26.137924975959912
12,dynamic,igpu-fixed,decode_tps,token/s,improvement,12.776712474880147,12.280447991953247,13.306950652737527
12,dynamic,igpu-fixed,ttft_ms,ms,reduction,20.018504856556206,19.333055027109737,20.67384350608359
12,dynamic,igpu-fixed,tpot_ms,ms/token,reduction,11.328165585894522,10.932752336640077,11.745128979316778
12,dynamic,igpu-fixed,e2e_ms,ms,reduction,13.41420511560063,13.045648448280337,13.828117285658681
16,dynamic,packed-cpu-fixed,prefill_tps,token/s,improvement,7.844459601335152,4.004250761260139,11.457025684735743
16,dynamic,packed-cpu-fixed,decode_tps,token/s,improvement,1264.3510358548867,1015.3378349254554,1406.714135074072
16,dynamic,packed-cpu-fixed,ttft_ms,ms,reduction,7.209525288777741,3.7652833916261796,10.301529889885531
16,dynamic,packed-cpu-fixed,tpot_ms,ms/token,reduction,92.33580632341236,90.41723748665449,93.36398635450354
16,dynamic,packed-cpu-fixed,e2e_ms,ms,reduction,90.04118405292158,88.1892311010091,91.07608421319895
16,dynamic,igpu-fixed,prefill_tps,token/s,improvement,-3.6027987555030228,-6.8906393577759095,-0.6533919072942721
16,dynamic,igpu-fixed,decode_tps,token/s,improvement,4.061598755844709,-14.647735618652728,13.653145967220336
16,dynamic,igpu-fixed,ttft_ms,ms,reduction,-3.8311509524748155,-7.420298909472756,-0.661202538826288
16,dynamic,igpu-fixed,tpot_ms,ms/token,reduction,-0.5228904629789755,-25.26789174342936,12.016127964132911
16,dynamic,igpu-fixed,e2e_ms,ms,reduction,-1.3337531036782924,-19.777807250482304,8.528792893345734
20,dynamic,packed-cpu-fixed,prefill_tps,token/s,improvement,11.13739128544211,3.598482075756726,19.677415200989934
20,dynamic,packed-cpu-fixed,decode_tps,token/s,improvement,863.9732817178074,723.0197797035178,952.3458655973734
20,dynamic,packed-cpu-fixed,ttft_ms,ms,reduction,9.7047628696172,3.2354192662079395,16.225002442842545
20,dynamic,packed-cpu-fixed,tpot_ms,ms/token,reduction,89.34763820359582,87.37093283839596,90.4969618042336
20,dynamic,packed-cpu-fixed,e2e_ms,ms,reduction,86.72195060810701,84.95922688344672,87.83840353664701
20,dynamic,igpu-fixed,prefill_tps,token/s,improvement,-17.67321548223627,-22.793780454645734,-11.78839510863025
20,dynamic,igpu-fixed,decode_tps,token/s,improvement,-0.6827323079760417,-15.0968858993814,8.265708448789617
20,dynamic,igpu-fixed,ttft_ms,ms,reduction,-22.03575611426927,-29.602028174276935,-13.93288189462407
20,dynamic,igpu-fixed,tpot_ms,ms/token,reduction,-3.4052799841850723,-22.696832597756323,7.633039496067305
20,dynamic,igpu-fixed,e2e_ms,ms,reduction,-7.0688746325978435,-21.2672903168847,1.812614566010018
